9|Махи гирей двумя руками|Свинг с гирей
12|Сведение бёдер сидя|Приведение бёдер в тренажёре
20|Жим Арнольда|Жим Шварценеггера
31|Удержание гантелей с разведёнными руками|Крест с гантелями
41|Выкаты со штангой на пресс|Роллаут со штангой
43|Гакк-приседания со штангой|Приседания со штангой за ногами
46|Выпады вперёд со штангой|Выпады со штангой стоя
48|Разгибание кистей со штангой|Обратные сгибания кистей
50|Разгибание рук со штангой|Французский жим со штангой
51|Сгибание кистей со штангой|Кистевые сгибания
56|Стабилизация мышц живота|Стабилизация корпуса
57|Медвежья ходьба — вариант 2|Медвежья походка
71|Разгибание одной ноги|Одностороннее разгибание колена
73|Жим штанги лёжа|Жим лёжа
75|Жим гантелей лёжа|Жим лёжа с гантелями
76|Жим лёжа узким хватом|Узкий жим
79|Высокая тяга в наклоне|Тяга к груди в наклоне
81|Тяга гантели одной рукой в наклоне|Одноручная тяга гантели
82|Разведение гантелей в наклоне|Махи на заднюю дельту
83|Тяга штанги в наклоне|Тяга к поясу
84|Тяга штанги в наклоне обратным хватом|Тяга к поясу хватом снизу
91|Сгибание рук со штангой|Подъём штанги на бицепс
92|Сгибание рук с гантелями|Подъём гантелей на бицепс
94|Сгибание рук с EZ-грифом|Подъём изогнутого грифа на бицепс
95|Сгибание рук на блоке|Бицепс в кроссовере
112|Подъём из упора на предплечьях|Переход из планки на ладони
124|Приседания с опорой|Присед с поддержкой
129|Жим от груди|Грудной жим
132|Бёрпи|Берпи
135|Сведение рук в тренажёре «бабочка»|Пек-дек
137|Сведение рук в «бабочке» узким хватом|Узкая бабочка
139|Обратная «бабочка»|Разведение рук в пек-деке
142|Наружная ротация плеча на блоке|Внешнее вращение плеча
145|«Дровосек» на блоке|Диагональная тяга на пресс
146|Подъём на носки в тренажёре для жима ногами|Икроножный жим
148|Подъём на носки в гакк-тренажёре|Икры в гакк-машине
152|Подтягивания обратным хватом|Чин-ап
158|Тяга верхнего блока узким хватом|Узкая вертикальная тяга
161|Пуловер с гантелью поперёк скамьи|Поперечный пуловер
165|Скручивания на фитболе|Пресс на мяче
167|Скручивания|Кранч
171|Скручивания на наклонной скамье|Наклонный кранч
172|Скручивания в тренажёре|Тренажёр для пресса
173|Скручивания на блоке|Молитва на пресс
174|Скручивания с поднятыми ногами|Кранч с ногами вверх
177|Велотренажёр|Велосипед в зале
178|«Мёртвый жук»|Дэд баг
182|Пассивный вис|Вис на перекладине
184|Становая тяга|Классическая становая
185|Жим штанги на скамье с отрицательным наклоном|Жим головой вниз
186|Жим гантелей на скамье с отрицательным наклоном|Жим гантелей головой вниз
189|Становая тяга с дефицита|Тяга с возвышения
193|Диагональный жим на плечи|Жим по диагонали
194|Отжимания на брусьях|Дипы
197|Обратные отжимания между скамьями|Дипы между двумя скамьями
202|Концентрированное сгибание с гантелью|Концентрированный бицепс
203|Гоблет-присед с гантелью|Кубковый присед
204|Сгибание рук на наклонной скамье|Наклонный подъём на бицепс
205|Выпады вперёд с гантелями|Выпады с гантелями на месте
206|Шагающие выпады с гантелями|Ходьба выпадами
208|Сгибание рук с гантелями на скамье Скотта|Бицепс с гантелями на пюпитре
211|Разгибание рук с гантелью|Французский жим с гантелью
222|Тяга каната к лицу|Фейс-пул
235|Попеременные махи ногами лёжа|Флаттер-кик
237|Сведение рук на блоках|Разводка в кроссовере
238|Разведение рук с гантелями|Разводка гантелей
239|Разведение гантелей на скамье с отрицательным наклоном|Разводка головой вниз
245|Французский жим гантелей лёжа|Разгибание гантелей лёжа
246|Французский жим с EZ-грифом лёжа|Скалл-крашер с изогнутым грифом
254|Подъём блина перед собой|Фронтальный подъём диска
256|Подъём рук перед собой|Передние махи
257|Фронтальные приседания|Присед со штангой на груди
258|Тяга к подбородку широким хватом|Широкая протяжка
259|Тяга к подбородку узким хватом|Узкая протяжка
260|Развороты из упора с выносом ноги|Сит-аут
265|Ягодичный мост|Подъём таза лёжа
272|Молотковые сгибания|Молотки
275|Молотковые сгибания на блоке|Молотки с канатом
279|Сжатие кистевого эспандера|Тренировка хвата
282|Отжимания в стойке на руках|Вертикальные отжимания
283|Подъём ног в висе|Ноги к перекладине
284|Удержание «Столбы Геркулеса»|Геркулесов крест
285|Прыжки с высоким подъёмом коленей|Прыжки коленями вверх
289|Высокая тяга|Хай-пул
291|Индийские приседания|Хинду-присед
292|Подъём таза лёжа|Хип-рейз
294|Ягодичный мост с опорой на скамью|Хип-траст
297|Удержание полого тела|Холлоу-холд
301|Гиперэкстензия|Разгибание спины
308|Разведение гантелей на наклонной скамье|Наклонная разводка
310|Тяга гантелей на наклонной скамье|Наклонная тяга с опорой
312|Наклонная планка с касанием пола|Планка с попеременным касанием
314|Изометрические «дворники»|Удержание дворников
319|Бег|Пробежка
320|Прыжки с разведением рук и ног|Джампинг-джек
323|Сведение рук в кроссовере|Кроссовер на грудь
331|Махи гирей|Гиревой свинг
341|Приседания в машине Смита|Присед в Смите
346|Жим закреплённого грифа|Лэндмайн-жим
348|Подъём рук через стороны|Боковые махи
349|Боковая тяга блока одной рукой|Одноручная боковая тяга
351|Подъём рук через стороны и перед собой|Комбинированные махи
354|Тяга верхнего блока с отклонением корпуса|Вертикальная тяга с наклоном назад
355|Тяга верхнего блока с прямым корпусом|Строгая вертикальная тяга
364|Сгибание ног в тренажёре|Сгибание коленей
365|Сгибание ног лёжа|Лежачее сгибание ног
366|Сгибание ног сидя|Сидячее сгибание ног
367|Сгибание ног стоя|Вертикальное сгибание ног
369|Разгибание ног в тренажёре|Разгибание коленей сидя
371|Жим ногами|Лег-пресс
373|Жим ногами с узкой постановкой|Узкий жим ногами
374|Жим ногами с широкой постановкой|Широкий жим ногами
375|Жим ногами в гакк-тренажёре|Жим в машине Гаккеншмидта
376|Подъём ног|Лег-рейз
377|Подъём ног лёжа|Ноги вверх лёжа
378|Подъём ног стоя|Махи ногой стоя
379|Жим от груди в рычажном тренажёре|Рычажный грудной жим
380|Раздельная тяга в рычажном тренажёре|Изолатеральная тяга
382|Удержание уголка|L-удержание
386|Алмазные отжимания|Отжимания ромбом
394|Тяга нижнего блока|Горизонтальная тяга
395|Тяга нижнего блока узким хватом|Узкая горизонтальная тяга
397|Присед на низкий ящик с широкой постановкой|Широкий бокс-присед
406|Упражнение для ротаторной манжеты лёжа|Вращение плеча лёжа
418|Армейский жим с EZ-грифом|Жим изогнутого грифа над головой
423|Выход силой|Масл-ап
427|Негативные скручивания|Эксцентрический кранч
439|Сгибание рук на блоке хватом сверху|Обратный бицепс на блоке
441|Приседания со штангой над головой|Оверхед-присед
445|Жим лёжа с паузой|Пауза на груди
448|Тяга Пендли|Тяга штанги с пола в наклоне
454|Отжимания уголком|Пайк-отжимания
456|Приседание на одной ноге «пистолет»|Пистолетик
458|Планка|Упор на предплечьях
465|Сгибание рук на скамье Скотта|Сгибание на пюпитре
468|Сведение лопаток лёжа на животе, руки вдоль тела|Ретракция лопаток лёжа
475|Подтягивания|Пул-ап
477|Подтягивания в тренажёре|Подтягивания с помощью
478|Жимовой швунг|Пуш-пресс
484|Становая тяга с упоров|Тяга с плинтов
487|Подъём рук на заднюю дельту|Задние махи
490|Тяга гантелей в планке|Ренегатская тяга
493|Сгибание рук со штангой обратным хватом|Обратный подъём на бицепс
495|Обратное сгибание рук|Сгибание хватом сверху
498|Жим лёжа обратным хватом|Жим хватом снизу
500|Обратная планка|Планка лицом вверх
501|Отжимания на кольцах|Дипы на кольцах
505|Скручивания на римском стуле|Пресс на римском стуле
507|Румынская тяга|РДЛ
508|Тяга|Гребная тяга
510|Тяга лёжа на скамье|Тяга с опорой грудью
512|Тяга сидя узким хватом|Узкая тяга к поясу
513|Тяга Т-грифа|Т-образная тяга
516|Фронтальный «дровосек»|Дровосек перед собой
527|Бег — обычная сессия|Беговая тренировка
529|Интервальный бег|Бег по интервалам
530|Бег на дорожке|Беговая дорожка
537|Жим гантелей на наклонной скамье|Наклонный жим гантелей
538|Жим штанги на наклонной скамье|Наклонный жим штанги
539|Наклонный жим в машине Смита|Наклонный жим в Смите
543|Жим на плечи в тренажёре|Плечевой жим в машине
545|«Ножницы» ногами|Ножницы на пресс
549|Разгибание рук сидя|Сидячий жим на трицепс
556|Боковые наклоны в тренажёре|Наклоны на косые мышцы
562|Одноручная тяга блока с разворотом|Шотган-тяга
566|Жим штанги над головой|Плечевой жим штанги
567|Жим гантелей над головой|Плечевой жим гантелей
569|Жим на плечи в машине Смита|Плечевой жим в Смите
570|Подъём плеч|Шраги
571|Шраги со штангой|Пожимание плечами со штангой
572|Шраги с гантелями|Пожимание плечами с гантелями
575|Шраги в машине Смита|Шраги в Смите
576|Боковые скручивания|Косой кранч
577|Боковые наклоны с гантелью|Наклоны корпуса с гантелью
578|Наружная ротация плеча лёжа на боку|Внешнее вращение на боку
580|Боковая планка|Сайд-планк
583|Отжимания с переносом веса в стороны|Боковые отжимания
584|Сгибание одной руки на скамье Скотта|Одноручный бицепс на пюпитре
590|Подъём на носки сидя|Сидячие икры
591|Подъём корпуса лёжа|Сит-ап
595|Обычные прыжки со скакалкой|Базовая скакалка
598|Жим узким хватом в машине Смита|Узкий жим в Смите
599|Рывок|Снэч
604|Скоростная становая тяга|Взрывная становая
607|Складка с подъёмом корпуса|Сплинтер-сит-ап
614|Прыжки из приседа|Приседания с выпрыгиванием
615|Приседания|Присед
616|Переход из приседа в упор лёжа|Сквот-траст
621|Сгибание рук стоя|Бицепс стоя
622|Подъём на носки стоя|Стоячие икры
623|Упражнение на предплечья с канатом стоя|Предплечья с канатом
624|Стационарный велосипед|Велотренажёр стационарный
627|Тяга на прямых ногах|Становая на прямых ногах
628|Тяга блока прямыми руками с грифом|Пуловер на блоке с прямой рукоятью
629|Тяга блока прямыми руками с канатом|Пуловер на блоке с канатом
630|Становая тяга сумо|Сумо-тяга
632|Приседания сумо|Широкий присед
636|«Супермен»|Подъём рук и ног лёжа
650|Трастер|Присед с жимом
655|Разгибание руки с гантелью назад|Кикбэк на трицепс
659|Разгибание рук на блоке|Блочный трицепс
660|Разгибание рук на блоке с грифом|Трицепс с прямой рукоятью
661|Разгибание рук в тренажёре|Трицепс в машине
672|Повороты корпуса на блоке|Блочная ротация корпуса
674|Тяга в петлях TRX|Тяга на подвесных петлях
675|Турецкий подъём|Турецкое вставание
683|Взятие на грудь в полуприсед|Силовое взятие
684|Тяга верхнего блока обратным хватом|Вертикальная тяга хватом снизу
687|Жим над головой|Оверхед-жим
688|Упражнение на верхнюю часть косых мышц|Верхние косые мышцы живота
691|Тяга к подбородку в машине Смита|Протяжка в Смите
693|Тяга к подбородку с EZ-грифом|Протяжка с изогнутым грифом
694|Тяга гантелей к подбородку|Протяжка гантелей
695|Тяга верхнего блока с V-рукоятью|Вертикальная тяга нейтральным хватом
702|Подъём на носок одной ногой|Односторонние икры
711|Стойка на руках у стены|Настенная стойка
713|Отжимания от стены|Вертикальные отжимания от стены
716|Скольжение руками по стене|Настенные слайды
718|Приседание у стены|Стульчик
722|Зашагивания с отягощением|Подъём на платформу с весом
723|Тяга верхнего блока широким хватом|Широкая вертикальная тяга
801|Отжимания на гантелях|Отжимания с опорой на гантели
802|Шагающие выпады со штангой|Ходьба выпадами со штангой
803|Разгибание одной руки на блоке|Одноручный трицепс на блоке
804|Вис на округлом зацепе|Вис на слопере
805|Разгибание рук вниз на блоке|Блочный жим на трицепс
820|Вис на фингерборде, кромка 20 мм|Вис на двадцатимиллиметровой кромке
821|Подтягивания на фингерборде|Подтягивания на пальцевой доске
822|Разведение рук на заднюю дельту на блоках|Обратная разводка в кроссовере
828|Обратное разведение на наклонной скамье|Наклонная разводка на заднюю дельту
908|Бег во второй пульсовой зоне|Бег в зоне 2
909|Обратные нордические сгибания|Обратный нордик
910|Нордические сгибания|Нордик на заднюю поверхность бедра
911|Французский жим на наклонной скамье|Наклонный скалл-крашер
912|Сгибание рук на блоке с прямым грифом|Бицепс на блоке с прямой рукоятью
913|Обратное сгибание на скамье Скотта узким хватом|Обратный бицепс на пюпитре
914|Обратное сгибание на блоке с EZ-грифом|Обратный блочный бицепс
915|Повороты блина перед собой|Упражнение «водитель автобуса»
916|Жим в машине Смита|Жим в Смите
917|Подъём прямого грифа блока перед собой|Фронтальный подъём на блоке
918|Подъём гантелей через стороны сидя|Боковые махи сидя
919|Тяга Т-грифа — вариант|Т-образная тяга к поясу
922|Шраги для средней трапеции на блоке сидя|Ретракционные шраги на блоке
923|Тяга гантелей лёжа и шраги сидя, суперсет|Суперсет тяга и шраги
925|Жим в Смите с небольшим наклоном|Слабонаклонный жим в Смите
926|Сведение рук в грудном тренажёре|Грудная разводка в машине
927|Разведение рук на подвесных петлях|Подвесной крест
957|Подъём разноимённых руки и ноги на четвереньках|Птица-собака
958|Сгибание рук в TRX|Бицепс в подвесных петлях
959|Горизонтальная тяга в TRX|Подвесная тяга
960|Гиревой свинг|Махи гири
961|Плавание спринтами по 50 м|Короткие заплывы
962|Эллиптический тренажёр|Эллипс
974|Сгибание рук с гирей двумя руками|Двуручный бицепс с гирей
975|Сгибание одной руки с гирей|Одноручный гиревой бицепс
976|Скручивания «книжка» с медболом|Складка с медицинским мячом
977|Приседания на ящик|Бокс-присед
978|Подъём коленей|Колени к груди
979|Подъём ног на турнике|Ноги в висе на перекладине
980|Подтягивания «коммандо»|Подтягивания вдоль перекладины
981|Зашагивания|Подъём на платформу
983|Высокий подъём коленей|Хай-низ
984|Выпады|Ланж
985|Отжимания с поворотом корпуса|Т-отжимания
986|Боковой сплит-присед на левую ногу|Левый боковой выпад
987|Боковой сплит-присед на правую ногу|Правый боковой выпад
988|Болгарский сплит-присед на левую ногу|Левый болгарский выпад
989|Болгарский сплит-присед на правую ногу|Правый болгарский выпад
990|Отведение ноги назад на четвереньках|Кикбэк на коленях
991|Сплит-присед на левую ногу|Левый разножный присед
992|Сплит-присед на правую ногу|Правый разножный присед
993|Скакалка: базовые прыжки|Обычные прыжки на скакалке
994|Круги руками вперёд|Вращения рук вперёд
995|Круги руками назад|Вращения рук назад
996|«Скалолаз»|Альпинист
997|Бёрпи на четыре счёта|Четырёхтактное берпи
998|Бёрпи без отжимания|Упрощённое берпи
999|Обратные выпады|Выпады назад
1000|Обратные отжимания от пола|Напольные дипы
1001|Высокая планка|Планка на ладонях
1002|Поза ребёнка|Баласана
1003|Становая тяга с гирей|Гиревая становая
1004|Вращения плечами вперёд|Круги плечами вперёд
1005|Вращения плечами назад|Круги плечами назад
1006|Втягивание подбородка|Подбородок назад
1007|Повороты головы|Ротация шеи
1008|Растяжка левой стороны шеи|Левый боковой наклон шеи
1009|Растяжка правой стороны шеи|Правый боковой наклон шеи
1010|Растяжка задней поверхности шеи|Шея вперёд
1011|Растяжка передней поверхности шеи|Шея назад
1012|Попеременные сгибания рук|Бицепс поочерёдно
1013|Растяжка мышцы, поднимающей лопатку, слева|Левая лопаточная растяжка
1014|Растяжка мышцы, поднимающей лопатку, справа|Правая лопаточная растяжка
1015|Круги шеей по часовой стрелке|Вращения шеи по часовой
1016|Круги шеей против часовой стрелки|Вращения шеи против часовой
1017|Полукруги шеей|Дуги головой
1018|Наклоны головы|Боковые наклоны шеи
1019|Боковая планка справа|Правая боковая планка
1020|Приседание «пистолет» на правой ноге|Правый пистолетик
1021|Подъём на носок правой ногой|Икры справа
1022|Тяга одной рукой из планки|Одноручная планка с тягой
1027|Растяжка в позе молитвы с опорой|Молитва на возвышении
1028|Поворот грудного отдела на четвереньках влево|Левая грудная ротация
1029|Поворот грудного отдела на четвереньках вправо|Правая грудная ротация
1080|Индийские отжимания|Хинду-отжимания
1081|Проведение палки за спину|Плечевые выкруты
1082|Тяга в наклоне с наружной ротацией плеч|Тяга с внешним вращением
1083|Подъёмы рук в форме Y, W и T|Комплекс YWT
1084|Жим гантелей лёжа на полу|Напольный жим гантелей
1086|Отжимания узким хватом|Узкие отжимания
1087|Взятие гантелей с виса в полуприсед|Силовое взятие гантелей
1088|Становая тяга сумо с гантелями|Гантельная сумо-тяга
1089|Повороты с медболом|Ротация с медицинским мячом
1090|V-образные отжимания|Отжимания в V-позиции
1091|Касание плеч в планке|Планка с касанием плеч
1092|Тренировка с боксёрским мешком|Работа по груше
1093|Гребной тренажёр|Гребля
1094|Жим от груди сидя|Сидячий грудной жим
1096|Отведение бедра стоя|Боковое отведение ноги
1098|Подъём гантелей на заднюю дельту сидя|Задние махи сидя
1099|Динамическое боковое удержание|Динамический боковой упор
1100|Броски медбола в стену|Уолл-бол
1101|Изометрическая горизонтальная тяга|Удержание горизонтальной тяги
1102|Попеременные выпады назад|Обратные выпады поочерёдно
1103|Шагающий ягодичный мост|Мост с шагами
1104|Ходьба|Пешая прогулка
1105|Подтягивание коленей сидя|Складка сидя
1109|Концентрированное сгибание руки на блоке|Концентрированный блочный бицепс
1111|Отжимания с руками на возвышении|Наклонные отжимания
1112|Отжимания с ногами на возвышении|Отжимания головой вниз
1113|Отжимания на паралетсах|Отжимания на низких брусьях
1114|Отдых между интервалами|Пауза в тренировке
1115|Разминка выпадами в трёх плоскостях|Трёхмерные выпады
1116|Прогулка фермера с гантелями|Фермерская ходьба
1117|Горизонтальная тяга блока сидя|Сидячая блочная тяга
1119|Тяга в тренажёре узким хватом|Узкая машинная тяга
1120|Тяга в тренажёре узким обратным хватом|Машинная тяга хватом снизу
1125|Тяга верхнего блока широким обратным хватом|Широкая тяга хватом снизу
1127|Тяга верхнего блока узким обратным хватом|Узкая тяга хватом снизу
1131|Разгибание бедра на блоке|Блочное отведение ноги назад
1132|Разгибание бедра в тренажёре|Ягодичное разгибание в машине
1136|Тяга блока к груди нейтральным хватом|Нейтральная вертикальная тяга
1137|Пуловер с верхнего блока|Верхний блочный пуловер
1138|Тяга блока на наклонной скамье|Наклонная блочная тяга
1141|«Арабеск»|Удержание арабеска
1143|Разгибание спины — вариант|Экстензия спины
1185|Разгибание рук вниз на трицепс|Трицепсовый жим вниз
1186|Тяга одной рукой в наклоне|Одноручная тяга к поясу
1188|Боковой наклон|Наклон в сторону
1192|Попеременное сгибание рук с гантелями|Гантельный бицепс поочерёдно
1193|Русский твист|Русские скручивания
1194|Жим Паллофа|Антиротационный жим
1195|Боковые скольжения с приседаниями|Боковой слайд и присед
1196|Беговые упражнения у стены|Настенные беговые дриллы
1198|Обратная горизонтальная тяга|Подтягивания под перекладиной
1200|Подъём носков на переднюю большеберцовую мышцу|Тибиалис-рейз
1201|Приседание «дракон»|Драконий присед
1202|Отведение бедра лёжа на боку|Боковой подъём ноги
1203|Подъём на носок левой ногой|Икры слева
1204|Велосипедная кардиотренировка|Вело-кардио
1205|Сгибание кистей с гантелями|Гантельные кистевые сгибания
1207|Мах «скорпион»|Скорпион ногой
1208|Приседание с руками за головой|Тюремный присед
1209|Отжимания на трёх точках с постановкой рук по ширине плеч|Трёхточечные отжимания
1210|«Парашютист» с руками в форме T|Скайдайвер
1214|Передний вис в группировке|Так-фронт-левер
1215|Обратный «снежный ангел»|Ангел лёжа на животе
1216|Тяги для включения хвата|Рекрутмент-пул
1217|Отжимания на пальцах|Пальцевые отжимания
1218|Отжимания с колен|Упрощённые отжимания
1219|Австралийские подтягивания|Горизонтальные подтягивания
1223|Хлопки над головой|Хлопки руками вверх
1224|Сгибание рук с гантелями вдоль корпуса|Дрэг-кёрл с гантелями
1225|Широкое сгибание рук с гантелями|Широкий гантельный бицепс
1226|Сгибание рук с гантелями с переходом в жим|Бицепс и жим
1227|Тяга гантелей на заднюю дельту|Гантельная тяга с разведёнными локтями
1228|Жим гантелей лёжа узким хватом|Узкий гантельный жим
1230|Растяжка трицепса слева|Левый трицепс — растяжка
1231|Растяжка трицепса справа|Правый трицепс — растяжка
1232|Растяжка бицепса стоя слева|Левый бицепс — растяжка
1233|Растяжка бицепса стоя справа|Правый бицепс — растяжка
1234|Ягодичный мост на одной ноге с гантелью|Одноногий хип-траст с гантелью
1238|Стойка «лягушка»|Фрог-стэнд
1239|Растяжка икроножной мышцы стоя|Стоячая растяжка икры
1240|Растяжка камбаловидной мышцы стоя|Растяжка икры с согнутым коленом
1241|Тыльное сгибание стопы с резинкой|Подъём стопы с эспандером
1242|Подошвенное сгибание стопы с резинкой|Носок вниз с эспандером
1243|Подъём на носки двумя ногами|Двусторонние икры
1244|«Кошка-корова» — йога|Марджариасана
1245|Передний горизонтальный вис|Фронт-левер
1246|Выкаты в TRX|Роллаут в петлях
1248|«Мороженщик» на перекладине|Айс-крим-мейкер
1252|Подтягивания в переднем висе|Тяга во фронт-левере
1259|Упражнение на косые мышцы в TRX|Косые мышцы в петлях
1260|Молотковое сгибание в TRX|Молотки в петлях
1261|Сгибание «горилла» в TRX|Горилла-бицепс в петлях
1262|Сгибание одной руки в TRX|Одноручный бицепс в петлях
1263|Мост спиной|Гимнастический мост
1266|Разгибание рук в TRX|Трицепс в петлях
1269|Отжимания на брусьях TRX|Дипы в подвесных петлях
1270|Сведение рук с нижних блоков|Нижний кроссовер
1273|Пуловер|Пул-овер
1274|Растяжка икры сидя с тыльным сгибанием стопы|Сидячая растяжка икр
1275|Растяжка подошвенного сгибания с резинкой|Растяжка стопы с эспандером
1280|Тяга блока узким хватом на бицепс|Узкая тяга с акцентом на бицепс
1282|Изометрическое подтягивание обратным хватом|Удержание чин-апа
1283|Тяга гантелей с опорой грудью на наклонную скамью|Наклонная тяга грудью на скамье
1284|Отжимания с наклоном вперёд|Псевдопланш-отжимания
1285|Захлёст голени|Пятки к ягодицам
1286|Динамический горизонтальный упор|Динамический планш
1287|Вытягивание рук вверх|Рич-ап
1288|Динамическая боковая планка|Боковая планка с движением
1289|Сгибание рук с гантелями сидя|Сидячий гантельный бицепс
1290|Сгибание рук со штангой хватом сверху|Обратное сгибание со штангой
1292|Подтягивания хватом снизу|Обратные подтягивания
1293|Отжимания на одной руке|Одноручные отжимания
1294|Сгибание одной ноги на заднюю поверхность бедра|Одноногий лег-кёрл
1296|Нижний кроссовер — вариант NB|Сведение снизу NB
1298|Перекрёстное разгибание рук с верхних блоков — NB|Перекрёстный трицепс NB
1302|Жим Джей Эм|JM-жим
1303|Тяга Хелмса|Хелмс-роу
1304|Тяга Медоуза|Медоуз-роу
1307|Фронтальная планка|Передний упор
1312|Приседания без веса — вариант HD|Присед с весом тела HD
1314|Прыжки с разведением рук и ног — HD|Джампинг-джек HD
1318|Подскоки с высоким подъёмом коленей — HD|Высокие подскоки HD
1320|Обратные отжимания от скамьи с ногами на полу — HD|Дипы от скамьи HD
1324|Выпады без веса — HD|Выпады с весом тела HD
1325|Боковое отталкивание|Латеральный толчок
1333|Сгибание кистей хватом снизу|Предплечья ладонями вверх
1336|Разгибание гантели над головой на трицепс|Гантельный трицепс из-за головы
1338|Подъём плеча с гантелью|Плечевой подъём гантели
1348|Разгибание поясницы|Поясничная экстензия
1353|Сжимающий жим гантелей|Хекс-жим
1360|Взятие и жим двух гирь|Двойной гиревой клин-энд-пресс
1361|Фронтальный присед с двумя гирями|Двойной гиревой присед
1363|Самомассаж роллом|Блэкролл
1366|Сплит-присед с гантелями|Разножный присед с гантелями
1370|Становая тяга с гантелями|Гантельная становая
1372|Отжимания на брусьях с помощью|Ассистированные дипы
1373|Прыжки на ящик|Бокс-джамп
1374|Повороты корпуса в тренажёре|Роторный торс
1376|Горизонтальный велотренажёр|Лежачий велосипед
1377|Повороты туловища|Твист корпуса
1378|Подъём руки через сторону на блоке|Одноручный боковой мах
1380|Разведение рук с резинкой|Пул-апарт
1381|Упражнение для верхней части спины|Верх спины
1384|Пуловер в тренажёре|Машинный пуловер
1387|Махи на заднюю поверхность бедра|Хамстринг-кик
1388|Румынская тяга на одной ноге|Одноногая РДЛ
1390|Касание носков|Тоу-тач
1391|«Слоновья ходьба»|Элефант-уок
1392|Наклоны «доброе утро»|Гуд-морнинг
1393|Растяжка задней поверхности одной ноги|Односторонняя растяжка бедра
1394|Наклон к ногам сидя|Сит-энд-рич
1395|Махи ногами поперёк корпуса|Перекрёстные махи
1396|Наклон стоя с широко разведёнными ногами|Стоячая поперечная складка
1397|Наклоны «доброе утро» в широкой стойке|Стоячий панкейк
1398|Растяжка задней поверхности бедра с обхватом|Хамстринг-чок
1399|Последовательный наклон корпуса вниз|Ролл-даун
1400|Перекрёстная растяжка задней поверхности бедра|Хамстринг поперёк корпуса
1406|Разгибание локтей из планки|Планка в высокий упор
1407|Казачьи приседания|Коссак-присед
1408|Удержание приседа у стены|Стульчик у стены
1409|«Флаг дракона»|Дрэгон-флаг
1410|Планка с попеременным подъёмом ног|Планка с ногами вверх
1411|Касание пяток лёжа|Хил-тач
1412|Скручивания «велосипед»|Велосипед на пресс
1414|Гакк-приседания|Гакк-присед
1415|Скручивания с гантелью|Гантельный кранч
1424|Сгибание рук в тренажёре на бицепс|Бицепс-машина
1425|Касание опоры носками|Тоу-тап
1426|Боковые скручивания стоя|Стоячий косой кранч
1429|Вращения плеч с гантелями|Гантельная ротация плеча
1430|Удержание блинов щипковым хватом|Пинч-хват
1433|Обратный «дровосек»|Дровосек снизу вверх
1434|Тяга гантели на широчайшую|Гантельная тяга на спину
1435|Лопаточные подтягивания|Подтягивания лопатками
1436|Жим штанги лёжа с ограничителей|Пин-жим лёжа
1437|Приседания с ограничителей|Пин-присед
1438|Взятие на грудь|Клин
1439|Жим над головой с ограничителей|Пин-жим стоя
1440|Жим над головой с толчком ногами|Толчковый жим
1441|Жим гантелей над головой на наклонной скамье|Наклонный плечевой жим
1442|Круговой жим гантелей|Крайс-жим
1443|Подъём гантелей в стороны и вперёд|Боковые и передние махи
1445|Тяжелоатлетический толчок|Джерк
1446|Тяжелоатлетическое взятие и толчок|Клин-энд-джерк
1447|Тяжелоатлетический рывок|Олимпийский рывок
1448|W-сгибание рук сидя|Сидячее сгибание в W-позиции
1449|Лестничный тренажёр|Клайм-милл
1450|Растяжка «кобра»|Поза кобры
1451|Растяжка с поворотом корпуса|Ротационная растяжка
1452|Подтягивание колена к груди — растяжка|Колено к груди
1455|«Супермен» с полотенцем|Супермен с натяжением полотенца
1457|Жим на блоке по дуге|Кэйбл-пресс-эраунд
1458|Перекрёстный Y-подъём на блоке|Диагональный Y-мах
1461|Жим гантелей от груди без толчка ногами|Гантельный жим без лег-драйва
1462|Удары руками|Боксёрские удары
1463|Тяга гантелей обратным хватом с пола|Гантельная дэд-роу
1464|Гакк-приседания с паузой|Пауза в гакке
1465|Паучьи сгибания|Спайдер-кёрл
1466|Подъём на носки в машине для гакк-приседа|Икры в гакк-тренажёре
1467|Наклонный жим штанги узким хватом|Узкий жим на наклонной
1468|Французский жим лёжа на полу|Напольный скалл-крашер
1469|Разведение рук на блоках в наклоне|Блочная разводка в наклоне
1470|Тяга верхнего блока одной рукой в стойке на одном колене|Одноручная тяга с колена
1471|Тяга Крока|Крок-роу
1472|Шраги внутрь на блоках|Сходящиеся блочные шраги
1473|Обратное разведение рук на блоках|Задняя блочная разводка
1474|W-подъём рук|Махи в W-позиции
1475|Подтягивание коленей «чёрная вдова»|Скольжение коленями к корпусу
1476|Подъём корпуса в положении «бабочка»|Баттерфляй-сит-ап
1477|«Штопор» сидя|Сидячий коркскрю
1478|Скручивания с приподнятым корпусом|Левитационный кранч
1479|Подъём корпуса с выносом локтя|Сит-ап с локтевым толчком
1480|Разгибание рук лёжа на трицепс|Лежачий трицепс
1481|Разгибание рук с протягиванием|Дрэг-пушдаун
1482|Сгибание с гантелями с читингом|Читинговый бицепс
1483|Тройной комплекс сгибаний на бицепс|Бицепс-трифекта
1484|Кроссовер с изменением угла|Омни-кроссовер
1485|Разгибание рук на блоке с покачиванием|Рокинг-пушдаун
1486|Попеременная тяга верхних блоков|Чередующаяся высокая тяга
1487|Гиперэкстензия с Y- и W-подъёмами|Гипер-YW-комплекс
1489|Прыжки ногами в планке|Планка-джек
1490|Разгибание рук назад лёжа|Лежачий кикбэк
1492|Высокая горизонтальная тяга|Хай-роу
1493|Байесовское сгибание на блоке|Байезиан-кёрл
1496|Упражнение с гантелями на верх груди|Верхнегрудной гантельный вариант
1497|Жим гантелей обратным хватом|Гантельный жим хватом снизу
1498|Жим гантелей с прижатыми локтями|Гантельный жим локтями к корпусу
1501|Попеременная тяга гантелей «горилла»|Горилла-роу
1502|Молотковое сгибание гантели поперёк корпуса|Перекрёстные молотки
1503|Жим гантелей «лягушка»|Фрог-жим
1504|Жим Брэдфорда с гантелями|Гантельный Брэдфорд
1508|Жим в Смите на крутой наклонной скамье|Высоконаклонный жим в Смите
1509|Разгибание руки назад на блоке|Блочный кикбэк
1510|Тяга верхнего блока нейтральным хватом|Нейтральная блочная тяга
1511|Сгибание «Конг»|Конг-кёрл
1512|Сгибание с опусканием веса|Дроп-кёрл
1513|Разгибание рук над головой на блоке|Блочный трицепс из-за головы
1514|Боковая ходьба|Латеральная ходьба
1515|Жим носками в тренажёре для ног|Икроножный лег-пресс
1516|Стойка на руках|Хэндстэнд
1519|Разгибание рук над головой|Трицепс над головой
1521|Маятниковый гакк-присед|Пендулар-гакк
1523|Толкание саней|Сани вперёд
1524|Упражнения с канатами|Боевые канаты
1525|Броски мяча в пол|Медбол-слэм
1526|Лыжный тренажёр|Ски-эрг
1527|Маятниковые приседания|Пендулум-присед
1528|Ягодичный жим в тренажёре|Глют-драйв
1529|Носки к перекладине|Тоу-ту-бар
1530|Сгибание рук с гантелями лёжа|Лежачий бицепс
1531|Блочное сгибание рук|Кэйбл-кёрл
1536|Растяжка дельтовидной мышцы|Растяжка плеча
1537|Изометрическое удержание в подтягивании|Статическое подтягивание
1545|Подтягивания «лучник»|Арчер-пул-ап
1546|Жим Ларсена|Жим без опоры ногами
1548|Степпер «лестница»|Стэр-мастер
1551|Отжимания от пола|Пуш-ап
1554|Отжимания с хлопком|Хлопковые отжимания
1556|«Дьявольский жим»|Дэвил-пресс
1567|Попеременные молотковые сгибания с гантелями|Чередующиеся молотки
1572|«Птица-собака»|Бёрд-дог
1573|Выкаты с роликом для пресса|Колесо для пресса
1574|Плавание|Заплыв
1575|Жим палки над головой стоя|Плечевой жим с палкой
1576|Быстрый переход в атлетическую стойку|Снэп-даун
1577|Растяжка «бретцель»|Бретцель
1578|Сгибание в тазобедренном суставе|Хип-хиндж
1579|«Бронко»|Прыжки бронко
1580|Одноручная тяга закреплённого грифа поперёк корпуса|Поперечная лэндмайн-тяга
1581|Жим на трапецию|Трап-пресс
1582|Внутренняя ротация плеча лёжа на боку|Внутреннее вращение на боку
1583|Жим в положении лёжа на спине|Супин-жим
1584|Ходьба или бег на месте|Марш на месте
1589|Растяжка ног и тазобедренных суставов|Растяжка нижней части тела
1590|Растяжка рук и шеи|Растяжка верхней части тела
1591|Глубокое дыхание стоя или сидя|Дыхательная практика
1592|Медитация с сопровождением или самостоятельно|Свободная медитация
1593|Сплит-присед в машине Смита|Разножный присед в Смите
1602|Подъём гантелей в плоскости лопатки|Скапция с гантелями
1603|Сгибание ног с резинкой|Лег-кёрл с эспандером
1604|Боковой выпад со скольжением|Слайд-выпад
1605|Копенгагенское приведение бедра|Копенгагенская планка
1606|Подъёмы рук в форме T, Y и I|Комплекс TYI
1607|Подтягивания «печатная машинка»|Тайпрайтер-пул-ап
1608|Сгибание рук с весом тела|Бицепс без отягощения
1612|Становая тяга сумо с гирей|Гиревая сумо-тяга
1613|Отведение ноги назад с резинкой|Ягодичный кикбэк с эспандером
1615|Кардио на беговой дорожке|Дорожка — кардио
1616|Подъём ноги назад с гантелью на четвереньках|Донки-кик с гантелью
1618|Кардио на велотренажёре|Велоэргометр — кардио
1620|Подъём на носки с гантелями сидя|Сидячие икры с гантелями
1621|Тяга блока одной рукой|Односторонняя блочная тяга
1630|«Блейз» — авторский вариант|Блейз
1634|Пуловер-тяга с канатом|Комбинированная тяга каната
1635|Модифицированная тяга верхнего блока|Изменённый пулдаун
1637|Одноручная тяга|Тяга одной рукой
1638|Взятие штанги и жим|Клин-энд-пресс со штангой
1639|Тяга гантелей к лицу в наклоне|Гантельный фейс-пул
1640|Фронтальный присед с гантелями|Гантельный присед на груди
1641|Становая тяга с гирей на одной ноге|Одноногая гиревая становая
1642|Ягодичный мост с опорой и гантелью|Хип-траст с гантелью
1648|Скручивания с отягощением|Кранч с весом
1650|Боковой наклон с гантелью|Гантельный наклон
1651|Обратный выпад с гантелями|Гантельный выпад назад
1652|Румынская тяга с гантелями|Гантельная РДЛ
1653|Боковой присед с гантелями|Гантельный латеральный присед
1654|Подъём рук через стороны в тренажёре|Боковые махи в машине
1656|Жим от груди на блоках вниз|Блочный жим с отрицательным углом
1657|Сгибание на скамье Скотта с внутренней ротацией|Внутреннее вращение в бицепс-сгибании
1658|Сгибание на скамье Скотта с наружной ротацией|Внешнее вращение в бицепс-сгибании
1659|Перекрёстная тяга верхнего блока одной рукой|Одноручный кросс-пулдаун
1660|Жим от груди на блоках вверх|Наклонный блочный жим
1661|Жим на трицепс на блоке|Блочный трицепс-жим
1662|Разгибание на трицепс на блоке с внутренней ротацией|Блочный трицепс с вращением
1666|Сгибание руки с поднятым плечом|Бицепс в высокой позиции
1668|Разгибание одной руки над головой на блоке|Одноручный блочный трицепс сверху
1670|Махи ногой вперёд и назад|Продольные махи ногами
1672|Разведение бёдер сидя|Абдукция в тренажёре
1679|«Ангел» у стены|Уолл-энджел
1680|Растяжка «четвёрка» сидя|Сидячая растяжка ягодиц
1683|Сгибание Зоттмана|Зоттман-кёрл
1684|Трастер с гантелями|Гантельный присед и жим
1686|Одноручный жим в ягодичном мосту|Мост с жимом
1687|Протягивание веса в медвежьем упоре|Бэр-кроул-пул-тру
1688|Румынская тяга с опорой второй ногой|B-стойка РДЛ
1689|Сведение блоков на середину груди|Средний кроссовер
1690|Сведение блоков на верх груди|Верхнегрудной кроссовер
1691|Сведение блоков на низ груди|Нижнегрудной кроссовер
1693|Статическое удержание на наклонной скамье|Наклонная изометрия
1694|Горизонтальный жим в тренажёре|Плоский машинный жим
1695|Подтягивания широким хватом|Широкие подтягивания
1696|Подтягивания нейтральным хватом|Параллельные подтягивания
1698|Тяга штанги хватом сверху|Прямая тяга штанги в наклоне
1699|Тяга штанги хватом снизу|Обратная тяга штанги в наклоне
1700|Румынская тяга со штангой|Штанговая РДЛ
1701|Тяжёлая тяга одной рукой|Силовая одноручная тяга
1702|Тяга к груди широким хватом|Широкий пулдаун к груди
1703|Махи ногами назад|Задние махи
1704|Уголок в группировке|Так-L-сит
1706|Болгарский присед с гантелями|Гантельный болгарский сплит-присед
1707|Боковой подъём руки на блоке|Блочные боковые махи
1709|Обратное разведение рук стоя|Стоячая задняя разводка
1710|Растяжка с локтями на опоре|Растяжка «блок мясника»
1711|Растяжка плеча лёжа на боку|Слипер-стретч
1712|Горизонтальная растяжка плеча|Растяжка плеча поперёк груди
1713|Растяжка груди в дверном проёме|Дверная растяжка грудных
1714|Маятниковые движения плечом с гантелью|Маятник плеча
1715|Наружная ротация плеча с гантелью|Гантельное внешнее вращение
1716|Жим плечами в наклонном упоре|Наклонный плечевой подъём
1717|Разгибание шеи|Шея назад — разгибание
1718|Высокая тяга верхнего блока|Тяга верхнего блока к корпусу
1719|Одноручная тяга блока в положении на колене|Тяга «кавалер»
1723|Отведение ноги назад в тренажёре|Машинный ягодичный кикбэк
1724|Приведение бедра стоя на блоке|Блочное сведение ноги
1725|Тяга сидя в тренажёре|Машинная горизонтальная тяга
1726|Тяга прямыми руками на блоке|Блочная тяга без сгибания локтей
1727|Боковая тяга прямой рукой на блоке|Латеральный пряморукий пулдаун
1728|Внутренняя ротация плеча на блоке|Блочное внутреннее вращение
1729|Наружная ротация плеча на блоке — вариант|Блочное внешнее вращение
1730|Боковой подъём руки на блоке — вариант|Боковая дельта на блоке
1731|Подъём руки перед собой на блоке|Передняя дельта на блоке
1732|Тяга к лицу с жёлтой или зелёной резинкой|Фейс-пул с эспандером
1733|Изометрический присед до отказа|Статический присед
1734|Выпад на одну ногу с гирей|Одноногий гиревой выпад
1735|Боковой жим ягодицами одной ногой|Односторонний боковой ягодичный жим
1736|Становая тяга на одной ноге с гантелью|Одноногая гантельная становая
1737|Подтягивания обратным хватом с помощью|Ассистированный чин-ап
1738|Нейтральные подтягивания или тяга TRX|Параллельный хват или подвесная тяга
1739|Приседание «креветка»|Шримп-присед
1740|Ягодичный мост на одной ноге|Одноногий мост
1741|Подтягивания в уголке|L-подтягивания
1742|Задний горизонтальный вис|Бэк-левер
1743|«Дворники»|Виндшилд-вайпер
1744|Подъём рук в стороны в машине|Машинные боковые махи
1745|Подъём короткого грифа блока перед собой|Фронтальный подъём с короткой рукоятью
1747|Присед в машине Смита — вариант|Смит-присед
1748|Разведение бёдер в тренажёре|Машинная абдукция
1751|Протягивание блока между ног|Пул-тру
1752|Боковой подъём на блоке с тросом спереди|Передний боковой мах на блоке
1753|Боковой подъём на блоке с тросом сзади|Задний боковой мах на блоке
1754|Подъём рук через стороны под 45°|Боковые махи под углом
1755|Y-тяга на блоке|Плечевая тяга в Y-позиции
1766|Вытягивание руки из планки|Планка с вытягиванием
1771|Сгибание кистей на блоке|Блочные кистевые сгибания
1772|Обратные скручивания|Подкручивание таза на пресс
1773|Наклонный жим в тренажёре Legend|Наклонный жим Ледженд
1774|Обратные отжимания от стула|Дипы от стула
1775|Разведение на заднюю дельту в пек-деке|Задняя бабочка
1776|Перенос веса в одной руке|Прогулка с чемоданом
1777|Отжимания с увеличенной глубиной|Дефицитные отжимания
1778|Наклонный жим лёжа|Жим на наклонной скамье
1779|Повороты закреплённого грифа|Лэндмайн-ротация
1795|Перекрёстная тяга блока одной рукой|Кросс-боди-пулдаун
1801|Полные приседания со штангой|Глубокий штанговый присед
1803|Приседания с трап-грифом|Трэп-бар-присед
1804|Покачивания для тыльного сгибания голеностопа|Голеностоп вперёд
1807|Подъём руки через сторону с тросом за спиной|Боковой мах из-за спины
1808|Удержание упора на брусьях|Статический упор на параллельных брусьях
1809|Обратная гиперэкстензия|Подъём ног на гиперэкстензии
1810|«Сфинкс»|Поза сфинкса
1822|«Открытая книга»|Грудная ротация лёжа
1823|«Ракушка»|Клэмшелл
1824|Жим Тейта с гантелями|Тейт-пресс
1825|Подъём рук на заднюю дельту с опорой грудью|Задние махи с поддержкой
1826|Разведение резинки с наружной ротацией|Пул-апарт с внешним вращением
1827|Двустороннее давление ногами на пресс|Дабл-лег-абдоминал-пресс
1828|Втягивание живота|Абдоминальный дрой-ин
1829|Присед с жимом закреплённого грифа|Лэндмайн-присед и жим
1830|Выпад назад со штангой|Штанговый обратный выпад
1831|Жим вниз в тренажёре Hammer Strength|Отрицательный жим Хаммер
1832|Удержание упора на кольцах|Статический кольцевой упор
1833|Сгибание ног со скольжением по полу|Слайдер-кёрл
1834|Подъём на нижнюю трапецию|Трап-3-рейз
1835|Растяжка наружной ротации плеча|Растяжка внешнего вращения
1838|Плечевые упражнения с резинкой|Разминка плеч эспандером
1839|Самостоятельная растяжка сгибателей бедра|Растяжка передней части таза
1840|Растяжка задней поверхности бедра с согнутой ногой|Согнутое колено — хамстринг
1841|Растяжка разгибания плеч сидя|Плечи назад сидя
1842|«Ракушка» с резинкой|Клэмшелл с эспандером
1843|Растяжка «бабочка»|Растяжка сидя стопами вместе
1844|Растяжка «лягушка»|Растяжка в широком упоре
1845|Наклоны «доброе утро» сидя с разведёнными ногами|Сидячий панкейк
1846|Широкая стойка «всадник»|Ма-бу
1847|Уголок с разведёнными ногами|Страддл-L-сит
1852|L-уголок|L-сит
1853|Уголок с опорой стоп|Облегчённый L-сит
1854|Массаж икр роллом|Икры на пенном ролике
1855|Массаж задней поверхности бедра роллом|Хамстринг на ролике
1856|Массаж передней большеберцовой мышцы роллом|Передняя голень на ролике
1857|Массаж подвздошно-большеберцового тракта роллом|Илиотибиальный тракт на ролике
1858|Массаж квадрицепса роллом|Передняя поверхность бедра на ролике
1859|Массаж ягодиц роллом|Ягодицы на пенном ролике
1860|Массаж приводящих мышц роллом|Внутренняя поверхность бедра на ролике
1861|Боковая растяжка|Растяжка стороны корпуса
1862|Круги тазом|Вращения бёдер
1863|Перекрёстное движение бедра|Хип-кроссовер
1864|Вращения голеностопа|Круги стопой
1865|Мобилизация голеностопа с резинкой|Голеностоп с эспандером
1867|Растяжка сгибателей бедра|Передний таз — растяжка
1868|Растяжка в выпаде с поворотом|Ротационный выпад
1869|Растяжка «четвёрка» лёжа|Ягодичная растяжка лёжа
1870|Растяжка задней поверхности бедра с резинкой лёжа|Хамстринг с эспандером
1872|Растяжка «голубь»|Поза голубя
1873|Растяжка квадрицепса|Растяжка переднего бедра
1874|Растяжка в выпаде бегуна|Беговой выпад
1875|Растяжка подвздошно-большеберцового тракта стоя|Стоячая ITB-растяжка
1876|Растяжка икры с опорой|Икроножная растяжка у опоры
1877|Сведение лопаток с резинкой|Ретракция с эспандером
1879|Y-подъём гантелей на наклонной скамье|Наклонные Y-махи
1881|Разгибание кисти с гантелью|Кистевая экстензия с гантелью
1882|Подъём руки через сторону с верхнего блока|Высокоблочный боковой мах
1884|Растяжка внутренней ротации бедра в положении шинбокс|Шинбокс-растяжка
1885|Комплекс Y, T, W и L|YTWL
1886|Отведение бёдер лёжа на спине|Супин-абдукция
1889|Подъём ног на скамье с отрицательным наклоном|Ноги вверх головой вниз
1893|Жим штанги над головой — вариант|Вертикальный штанговый жим
1900|Разгибание рук вниз с канатом|Канатный трицепс
1901|Взятие и жим|Клин-энд-пресс
1902|Отжимания с отягощением|Отжимания с дополнительным весом
1904|Сведение рук в пек-деке|Грудная бабочка
1905|Отведение рук назад|Пулбэк
1906|Мост тазом|Хип-бридж
1907|Односторонние выпады|Выпады на одну сторону
1908|«Супермен» с разведением рук|Баттерфляй-супермен
1909|Выкат ногами|Лег-вил
1910|«Супермен» на коленях|Супермен в упоре
1911|Планка «кошка»|Кэт-планк
1912|Вращение корпуса|Кор-ротация
1913|Односторонний ягодичный мост с опорой|Одноногий хип-траст
1914|Изометрическое удержание на брусьях|Статика на параллельных брусьях
1915|Отведение бедра на четвереньках|Боковое отведение в упоре
1916|Горизонтальный упор в группировке|Так-планш
1918|Жим от груди в тренажёре Legend|Грудной жим Ледженд
1919|Глубокая растяжка грудных мышц|Экстрим-пек-стретч
1920|Глубокая растяжка плеч|Экстрим-шолдер-стретч
1921|Глубокая растяжка широчайших|Экстрим-лат-стретч
1922|Сведение рук на блоках сидя|Сидячая блочная разводка
1924|Скручивания в тренажёре 3008|Абдоминальный кранч 3008
1925|Шраги «сильвербэк» со штангой|Сильвербэк-шраг
1927|Обратная тяга на широчайшие|Инвертированный пулдаун
1928|Тяга сидя с V-рукоятью|Горизонтальная V-тяга
1929|Подтягивания с противовесом|Ассистированные подтягивания
1931|Сгибание рук с гантелями — вариант|Гантельный подъём на бицепс
1933|Скручивание на пресс|Абдоминальный кранч
1935|Приседания с поясным отягощением|Белт-присед
1936|Разведение на заднюю дельту одной рукой на блоке|Одноручный обратный кроссовер
1938|«Кошка-корова»|Кэт-кау
1939|Контролируемые вращения шеи|Шейные CAR
1940|Диафрагмальное дыхание|Дыхание животом
1947|Рывок гантели|Гантельный снэч
1948|Присед на ящик одной ногой|Одноногий бокс-присед
1949|Комплекс мобильности «Лимбер 11»|Лимбер-11
1950|Прокатывание подвздошно-большеберцового тракта|ITB на ролле
1952|Самомассаж ягодиц мячом|Ягодичный релиз лакросс-мячом
1953|«Железный крест» с согнутыми коленями|Согнутый айрон-кросс
1954|Перекаты с переходом в V-сед|Ролловер в складку
1956|Круги бедром в упоре на четвереньках|Круговой «пожарный гидрант»
1959|Растяжка грушевидной мышцы сидя|Сидячая грушевидная растяжка
1960|Растяжка сгибателей бедра с задней ногой на опоре|Растяжка бедра с возвышением
1962|Шаги с разведением рук и ног|Степ-джек
1963|Медленные приседания|Темповой присед
1964|Отжимания с широкой постановкой рук|Широкие отжимания
1965|Марш с высоким подъёмом коленей|Высокие колени шагом
1966|Поворот грудного отдела в стойке на одном колене|Грудная ротация с колена
1967|Жим перед собой над головой сидя|Сидячий передний жим
1968|Жим гантели над головой одной рукой|Одноручный плечевой жим
1969|Разгибание одной руки вниз на блоке|Одноручный пушдаун
1970|Высокая тяга гири в стойке сумо|Гиревой сумо-хай-пул
1971|Тяга верхнего блока по Ментцеру|Ментцер-пулдаун
1972|Вертикальная тяга одной рукой|Одноручная тяга на широчайшие
2447|«Самолёт» в тазобедренном суставе|Хип-эйрплейн
2448|Обратная «ракушка»|Реверс-клэмшелл
2449|Переход из «ракушки» в обратную «ракушку»|Комбинированный клэмшелл
2452|Сгибание запястий со штангой|Штанговый кистевой подъём
2454|Подъёмы рук Y, T и W|YTW
2478|Подъём корпуса на ягодично-бедренном тренажёре|Глют-хэм-рейз
2480|Неспешное непрерывное плавание кролем|Лёгкий кроль
2481|Работа ногами с плавательной доской|Плавание ногами с доской
2482|Выдох в воду с погружением|Дыхательный боббинг
2483|Повороты с удержанием за бортик|Ротация у бортика
2484|Боковая работа ног с дыханием и доской|Боковой кик с доской
2485|Гребок с поворотом корпуса|Строук-энд-ролл
2486|Восстановительные погружения с выдохом|Дыхательная заминка в воде
2487|Плавательная заминка|Лёгкий завершающий заплыв
2488|Подкручивание таза назад|Задний наклон таза
2494|Конечное разгибание колена с резинкой|TKE
2523|Скольжение по стене с растяжкой передней зубчатой мышцы|Серратус-уолл-слайд
2525|Растяжка у дивана|Кауч-стретч
2526|Пульсирующая растяжка в длинном выпаде|Длинный выпад с покачиванием
2527|Растяжка продольного шпагата|Продольный шпагат
2528|Присед с вытягиванием руки вверх|Сквот-скай-рич
2529|Взрывные отжимания|Плиометрические отжимания
2530|Русские отжимания|Переход с предплечий в отжимание
2531|Локтевой горизонтальный упор|Элбоу-левер
2532|Удержание наклона в горизонтальный упор|Планш-лин
2533|Вис с прогибом|Арч-хэнг
2535|Изометрическое разгибание ног|Удержание разгибания коленей
2536|Изометрический жим лёжа|Удержание жима на груди
2537|Изометрический жим над головой|Удержание вертикального жима
2538|Изометрический подъём через стороны|Статический боковой мах
2539|Изометрическое сгибание на скамье Скотта|Статический бицепс на пюпитре
2540|Изометрическая тяга верхнего блока|Статический пулдаун
2541|Изометрическое разгибание рук вниз на блоке|Статический пушдаун
2542|Бокс|Боксёрская тренировка
2543|Круги запястьями|Вращения кистями
2549|Ходьба назад на беговой дорожке|Ретро-ходьба
2555|Упражнение Кегеля|Тренировка мышц тазового дна
2557|Сплит-присед с опорой|Поддерживаемый разножный присед
2564|Дыхание в положении 90/90|Девяносто-девяносто дыхание
2613|Переключения бёдер 90/90|Переходы в положении девяносто-девяносто
2614|Отведение таза назад для приводящих мышц|Аддуктор-рок-бэк
2615|Растяжка задней поверхности бедра с ногой на возвышении|Высокая хамстринг-растяжка
2616|Баланс на одной ноге на BOSU|Одноногий баланс на полусфере
2617|Изометрическое напряжение квадрицепса|Квад-сет
2618|Боковые шаги с поворотом бедра наружу и внутрь|Хип-аут-хип-ин
2619|Мягкое приземление на одну ногу с удержанием|Одноногий лэндинг-холд
2620|Обратный V-присед|Реверс-V-сквот
2621|Отжимания в стойке с ногами на ящике|Бокс-хэндстэнд-пуш-ап
2622|Подъём рук перед собой с резинкой|Передние махи с эспандером
2623|Тяга верхнего блока в тренажёре с блинами|Нагружаемый пулдаун
2624|Подъём руки через сторону на блоке с отклонением|Боковой мах с наклоном от блока
2625|Дыхание «младенец» у стены|Настенная дыхательная практика
2626|Сгибание ног сидя в машине|Машинный сидячий лег-кёрл
2627|Жим от груди в машине|Машинный грудной жим
2628|Подъём на носки сидя в машине|Машинные сидячие икры
2629|Контролируемые сокращения Кегеля|Медленный Кегель
2630|Удержание для выносливости тазового дна|Статический Кегель
2631|Тяга верхнего блока в машине|Машинная тяга на широчайшие
2632|Наклонный жим от груди в машине|Машинный наклонный грудной жим
2633|Сгибание на скамье Скотта в машине|Машинный бицепс на пюпитре
2634|Отжимания или разгибание рук в машине|Машинный дип или трицепс
2635|Тяга резинки сидя|Сидячая тяга эспандера
2636|Разгибание кисти с FlexBar|Разгибание запястья с гибким стержнем
2637|Сгибание кисти с FlexBar|Сгибание запястья с гибким стержнем
2638|Скручивание Тайлера с FlexBar|Тайлер-твист
2639|Румынская тяга на римском стуле|РДЛ на римском стуле
2640|Быстрые сокращения Кегеля|Скоростной Кегель
2641|Тазовая волна|Пелвик-вэйв
2642|Тяга гантели одной рукой|Одноручная гантельная тяга
2643|Обратное разведение гантелей в наклоне|Задняя разводка с гантелями
2644|Подъём на носки с гантелью или в тренажёре|Икры с гантелью или в машине
2645|Координация перехода из приседа в стойку|Присед-вставание
2646|Дыхание в глубоком приседе с опорой|Поддерживаемый дыхательный присед
2647|Наклоны таза|Пелвик-тилт
2648|Растяжка задней поверхности бедра 90/90 у опоры|Хамстринг-растяжка в стиле барре
2649|Растяжка ягодичных мышц|Ягодичная растяжка
2650|Растяжка камбаловидной мышцы и ахиллова сухожилия|Ахилл и камбаловидная
2651|Растяжка икры у стены|Настенная икроножная растяжка
2652|Поза ребёнка с вытянутыми руками|Удлинённая баласана
2653|Мягкий поворот грудного отдела|Лёгкая грудная ротация
2654|Мягкая поза собаки мордой вверх или кобры|Облегчённый прогиб лёжа
2655|Мягкое обратное упражнение Кегеля|Расслабление тазового дна
2656|Поза «счастливый ребёнок»|Ананда-баласана
2657|Спокойное диафрагмальное дыхание|Расслабленное дыхание животом
2658|Подъём гантелей через стороны|Гантельные боковые махи
2659|Попеременное сгибание рук с гантелями — вариант|Чередующийся гантельный бицепс
2660|Разгибание рук с гантелями в наклоне|Гантельный кикбэк на трицепс
2661|Подъём на носки с гантелью|Гантельные икры
2662|Приседания с паузой|Пауза в приседе
2663|Тяга блока одной рукой с поворотом сидя на полу|Напольная ротационная тяга
2664|Разгибание колена сидя с дополнительным давлением|Ассистированное разгибание колена
2665|«Монстр-ходьба» с резинкой|Монстер-уок
2666|Растяжка икры на ступеньке|Ступенчатая растяжка икроножных
2667|Баланс на одной ноге с закрытыми глазами|Одноногий баланс без зрения
2668|Баланс на одной ноге с кругами гирей|Гиревой одноногий баланс
2669|Тяга двух гантелей в наклоне|Двуручная гантельная тяга
2670|Попеременная ходьба|Чередующаяся прогулка
2671|Радиогимнастика тайсо|Радио-тайсо
2672|Шраги Келсо|Келсо-шраг
2673|Вакуум живота|Абдоминальный вакуум
2674|Подъём коленей в тренажёре для ног|Машинный подъём коленей
2675|Боковой подъём коленей в тренажёре|Машинный подъём на косые мышцы
2676|Сгибание шеи с отягощением|Нагруженное сгибание шеи
2677|Жим одной ногой|Односторонний лег-пресс
